{
  "creator" : "AP/2.0.2",
  "verificationId" : 1496281248231,
  "shelf_title" : "Dukoral",
  "type" : "html",
  "content_keyfile" : "index.html",
  "property_pdf_canEmailPDF" : "NO",
  "property_pdf_emailSubject" : "",
  "property_pdf_emailBody" : "",
  "property_support_fullscreen" : "YES",
  "property_supported_orientations" : "L",
  "property_initial_orientation" : "L",
  "property_pdf_allowPrinting" : "NO",
  "property_pdf_allowAnnotating" : "NO",
  "property_pdf_allowBookmarking" : "YES",
  "property_pdf_teleprompterEnabled" : "NO",
  "property_feature_autoPagingEnabled" : "NO",
  "property_feature_autoPagingPauseDuration" : 2,
  "property_pdf_largeThumbnailBarEnabled" : "NO",
  "property_html_showBackButton" : "NO",
  "property_pdf_pageCurlEnabled" : "NO",
  "property_pdf_pageMode" : "single",
  "property_reflib_hideSearchScope" : "NO",
  "property_reflib_disableLetterBar" : "NO",
  "property_pdf_emailWhitelist" : [ ]
}